{"status":"OK","copyright":"Copyright (c) 2020 The New York Times Company.  All Rights Reserved.","num_results":20,"results":[{"uri":"nyt://article/1e3d7877-5350-5ea1-8a48-b929eb1219e5","url":"https://www.nytimes.com/2020/02/29/health/coronavirus-n95-face-masks.html","id":100000007007791,"asset_id":100000007007791,"source":"New York Times","published_date":"2020-02-29","updated":"2020-03-02 12:42:14","section":"Health","subsection":"","nytdsection":"health","adx_keywords":"Masks;Hygiene and Cleanliness;United States Politics and Government;Surgeon General (US);Coronavirus (2019-nCoV);Adams, Jerome M (1974- );Centers for Disease Control and Prevention","column":null,"byline":"By Maria Cramer and Knvul Sheikh","type":"Article","title":"Surgeon General Urges the Public to Stop Buying Face Masks","abstract":"“Seriously people,” the surgeon general said on Twitter, warning that a run on the masks could risk a shortage harmful to public health professionals.","des_facet":["Masks","Hygiene and Cleanliness","United States Politics and Government","Surgeon General (US)","Coronavirus (2019-nCoV)"],"org_facet":["Centers for Disease Control and Prevention"],"per_facet":["Adams, Jerome M (1974- )"],"geo_facet":[],"media":[{"type":"image","subtype":"photo","caption":"The surgeon general on Saturday warned that masks were not effective in preventing the general public from contracting the coronavirus.","copyright":"Stephanie Keith for The New York Times","approved_for_syndication":1,"media-metadata":[{"url":"https://static01.nyt.com/images/2020/02/29/us/29xp-mask/29xp-mask-thumbStandard.jpg","format":"Standard Thumbnail","height":75,"width":75},{"url":"https://static01.nyt.com/images/2020/02/29/us/29xp-mask/29xp-mask-mediumThreeByTwo210.jpg","format":"mediumThreeByTwo210","height":140,"width":210},{"url":"https://static01.nyt.com/images/2020/02/29/us/29xp-mask/29xp-mask-mediumThreeByTwo440.jpg","format":"mediumThreeByTwo440","height":293,"width":440}]}],"eta_id":0},{"uri":"nyt://article/b9b700c1-0367-56e9-bb73-cdf1cfc8b001","url":"https://www.nytimes.com/2020/03/01/world/coronavirus-news.html","id":100000007008413,"asset_id":100000007008413,"source":"New York Times","published_date":"2020-03-01","updated":"2020-03-02 11:08:45","section":"World","subsection":"","nytdsection":"world","adx_keywords":"Coronavirus (2019-nCoV)","column":null,"byline":"","type":"Article","title":"Second Death From Virus Is Reported in the U.S.","abstract":"The second death was a man in his 70s in the Seattle area who had underlying health conditions.","des_facet":["Coronavirus (2019-nCoV)"],"org_facet":[],"per_facet":[],"geo_facet":[],"media":[{"type":"image","subtype":"photo","caption":"EvergreenHealth Medical Center in Kirkland, Wash., on Saturday.","copyright":"Grant Hindsley for The New York Times","approved_for_syndication":1,"media-metadata":[{"url":"https://static01.nyt.com/images/2020/04/01/us/01virus-briefing-hospital2/01virus-briefing-hospital2-thumbStandard.jpg","format":"Standard Thumbnail","height":75,"width":75},{"url":"https://static01.nyt.com/images/2020/04/01/us/01virus-briefing-hospital2/01virus-briefing-hospital2-mediumThreeByTwo210.jpg","format":"mediumThreeByTwo210","height":140,"width":210},{"url":"https://static01.nyt.com/images/2020/04/01/us/01virus-briefing-hospital2/01virus-briefing-hospital2-mediumThreeByTwo440.jpg","format":"mediumThreeByTwo440","height":293,"width":440}]}],"eta_id":0},{"uri":"nyt://article/94c59c78-b8f9-5bad-bc42-c3d3cc661bbc","url":"https://www.nytimes.com/2020/03/01/us/politics/pete-buttigieg-drops-out.html","id":100000007000143,"asset_id":100000007000143,"source":"New York Times","published_date":"2020-03-01","updated":"2020-03-02 11:29:29","section":"U.S.","subsection":"Politics","nytdsection":"u.s.","adx_keywords":"Presidential Election of 2020;Buttigieg, Pete (1982- )","column":null,"byline":"By Reid J. Epstein and Trip Gabriel","type":"Article","title":"Pete Buttigieg Drops Out of Democratic Presidential Race","abstract":"The first openly gay major presidential candidate, Mr. Buttigieg rose to the primary’s top tier, but was unable to build a broad coalition of voters, and lost badly in South Carolina Saturday.","des_facet":["Presidential Election of 2020"],"org_facet":[],"per_facet":["Buttigieg, Pete (1982- )"],"geo_facet":[],"media":[],"eta_id":0},{"uri":"nyt://article/bb56b89c-8814-507a-9dfa-6b4efc3eed2c","url":"https://www.nytimes.com/2020/02/29/health/coronavirus-flu.html","id":100000007006001,"asset_id":100000007006001,"source":"New York Times","published_date":"2020-02-29","updated":"2020-03-02 07:32:37","section":"Health","subsection":"","nytdsection":"health","adx_keywords":"Coronavirus (2019-nCoV);Influenza;Deaths (Fatalities);Tests (Medical);Respiratory Diseases;Epidemics;Vaccination and Immunization;United States Politics and Government;Infections;your-feed-science;Fauci, Anthony S;Mulvaney, Mick;Trump, Donald J;Centers for Disease Control and Prevention;New England Journal of Medicine;California;Oregon;China;Washington (State);United States","column":null,"byline":"By Denise Grady","type":"Article","title":"How Does the Coronavirus Compare With the Flu?","abstract":"As new cases appear on the West Coast, some — including the president — are comparing it to the seasonal flu. Here’s a close look at the differences.","des_facet":["Coronavirus (2019-nCoV)","Influenza","Deaths (Fatalities)","Tests (Medical)","Respiratory Diseases","Epidemics","Vaccination and Immunization","United States Politics and Government","Infections","your-feed-science"],"org_facet":["Centers for Disease Control and Prevention","New England Journal of Medicine"],"per_facet":["Fauci, Anthony S","Mulvaney, Mick","Trump, Donald J"],"geo_facet":["California","Oregon","China","Washington (State)","United States"],"media":[{"type":"image","subtype":"photo","caption":"A coronavirus patient and a health worker inside the Jinyintan Hospital in Wuhan, China.","copyright":"China Daily/Reuters","approved_for_syndication":1,"media-metadata":[{"url":"https://static01.nyt.com/images/2020/02/29/science/29VIRUS-FLU1/29VIRUS-FLU1-thumbStandard.jpg","format":"Standard Thumbnail","height":75,"width":75},{"url":"https://static01.nyt.com/images/2020/02/29/science/29VIRUS-FLU1/29VIRUS-FLU1-mediumThreeByTwo210.jpg","format":"mediumThreeByTwo210","height":140,"width":210},{"url":"https://static01.nyt.com/images/2020/02/29/science/29VIRUS-FLU1/29VIRUS-FLU1-mediumThreeByTwo440.jpg","format":"mediumThreeByTwo440","height":293,"width":440}]}],"eta_id":0},{"uri":"nyt://article/7e7be538-b988-566d-801e-4436bfcf891b","url":"https://www.nytimes.com/2020/03/01/us/washington-coronavirus-nursing-home.html","id":100000007009573,"asset_id":100000007009573,"source":"New York Times","published_date":"2020-03-01","updated":"2020-03-02 10:49:44","section":"U.S.","subsection":"","nytdsection":"u.s.","adx_keywords":"Coronavirus (2019-nCoV);Nursing Homes;Epidemics;Life Care Centers of America;Washington (State);Kirkland (Wash)","column":null,"byline":"By Mike Baker, Sheri Fink, Nicholas Bogel-Burroughs and Jack Healy","type":"Article","title":"2nd Death Near Seattle Adds to Signs Virus Is Spreading in U.S.","abstract":"Officials see growing indications that the coronavirus has been spreading undetected for weeks. A cluster of cases at one nursing home have made Kirkland, Wash., a focus of concern.","des_facet":["Coronavirus (2019-nCoV)","Nursing Homes","Epidemics"],"org_facet":["Life Care Centers of America"],"per_facet":[],"geo_facet":["Washington (State)","Kirkland (Wash)"],"media":[{"type":"image","subtype":"photo","caption":"Health care workers transferring a patient on a stretcher to an ambulance at a nursing home, run by Life Care Centers of America, in Kirkland, Wash., on Sunday.","copyright":"David Ryder/Reuters","approved_for_syndication":1,"media-metadata":[{"url":"https://static01.nyt.com/images/2020/03/01/us/01virus-nursinghome1/01virus-nursinghome1-thumbStandard.jpg","format":"Standard Thumbnail","height":75,"width":75},{"url":"https://static01.nyt.com/images/2020/03/01/us/01virus-nursinghome1/merlin_169869627_a1142e5c-d90f-478b-9d5f-1337b8b1df88-mediumThreeByTwo210.jpg","format":"mediumThreeByTwo210","height":140,"width":210},{"url":"https://static01.nyt.com/images/2020/03/01/us/01virus-nursinghome1/merlin_169869627_a1142e5c-d90f-478b-9d5f-1337b8b1df88-mediumThreeByTwo440.jpg","format":"mediumThreeByTwo440","height":293,"width":440}]}],"eta_id":0},{"uri":"nyt://article/50231463-3e51-5170-ab4a-507ed9f003d1","url":"https://www.nytimes.com/2020/03/01/health/coronavirus-washington-spread.html","id":100000007008797,"asset_id":100000007008797,"source":"New York Times","published_date":"2020-03-01","updated":"2020-03-02 00:15:40","section":"Health","subsection":"","nytdsection":"health","adx_keywords":"Coronavirus (2019-nCoV);Genetics and Heredity;Influenza;Epidemics;Snohomish County (Wash);Washington (State)","column":null,"byline":"By Sheri Fink and Mike Baker","type":"Article","title":"Coronavirus May Have Spread in U.S. for Weeks, Gene Sequencing Suggests","abstract":"Two cases detected weeks apart in Washington State had genetic links, suggesting that many more people in the area may be infected.","des_facet":["Coronavirus (2019-nCoV)","Genetics and Heredity","Influenza","Epidemics"],"org_facet":[],"per_facet":[],"geo_facet":["Snohomish County (Wash)","Washington (State)"],"media":[{"type":"image","subtype":"photo","caption":"The first death in the United States from the coronavirus outbreak occurred at EvergreenHealth Medical Center in Kirkland, Wash. on Saturday.","copyright":"Grant Hindsley for The New York Times","approved_for_syndication":1,"media-metadata":[{"url":"https://static01.nyt.com/images/2020/03/01/us/politics/01virus-spread/01virus-spread-thumbStandard.jpg","format":"Standard Thumbnail","height":75,"width":75},{"url":"https://static01.nyt.com/images/2020/03/01/us/politics/01virus-spread/01virus-spread-mediumThreeByTwo210.jpg","format":"mediumThreeByTwo210","height":140,"width":210},{"url":"https://static01.nyt.com/images/2020/03/01/us/politics/01virus-spread/01virus-spread-mediumThreeByTwo440.jpg","format":"mediumThreeByTwo440","height":293,"width":440}]}],"eta_id":0},{"uri":"nyt://article/d13c9cd5-b9ac-52c3-8eae-aae85184d20e","url":"https://www.nytimes.com/2020/03/02/world/coronavirus-news.html","id":100000007010027,"asset_id":100000007010027,"source":"New York Times","published_date":"2020-03-02","updated":"2020-03-02 12:45:20","section":"World","subsection":"","nytdsection":"world","adx_keywords":"Coronavirus (2019-nCoV);Deaths (Fatalities);Hospitals;Infections","column":null,"byline":"","type":"Article","title":"Coronavirus Updates: Global Infections Approach 90,000 as U.S. Scrambles to Slow Spread","abstract":"Officials reported the first cases in New York, Rhode Island and Florida, which declared a public health emergency. In Iran, an adviser to the supreme leader has died.","des_facet":["Coronavirus (2019-nCoV)","Deaths (Fatalities)","Hospitals","Infections"],"org_facet":[],"per_facet":[],"geo_facet":[],"media":[{"type":"image","subtype":"photo","caption":"","copyright":"The New York Times","approved_for_syndication":1,"media-metadata":[{"url":"https://static01.nyt.com/images/2020/02/27/world/coronavirus-map-promo/coronavirus-map-promo-thumbStandard-v34.jpg","format":"Standard Thumbnail","height":75,"width":75},{"url":"https://static01.nyt.com/images/2020/02/27/world/coronavirus-map-promo/coronavirus-map-promo-mediumThreeByTwo210-v33.jpg","format":"mediumThreeByTwo210","height":140,"width":210},{"url":"https://static01.nyt.com/images/2020/02/27/world/coronavirus-map-promo/coronavirus-map-promo-mediumThreeByTwo440-v33.jpg","format":"mediumThreeByTwo440","height":293,"width":440}]}],"eta_id":0},{"uri":"nyt://article/cc10cabf-8e7a-5fd9-92dc-ab6772ebc45f","url":"https://www.nytimes.com/2020/02/29/opinion/sunday/trump-coronavirus-response.html","id":100000007006401,"asset_id":100000007006401,"source":"New York Times","published_date":"2020-02-29","updated":"2020-03-02 07:52:00","section":"Opinion","subsection":"Sunday Review","nytdsection":"opinion","adx_keywords":"Coronavirus (2019-nCoV);Epidemics;Presidential Election of 2020;United States Politics and Government;Trump, Donald J","column":null,"byline":"By Maureen Dowd","type":"Article","title":"Trump Makes Us Ill","abstract":"Going viral is not a good thing this time.","des_facet":["Coronavirus (2019-nCoV)","Epidemics","Presidential Election of 2020","United States Politics and Government"],"org_facet":[],"per_facet":["Trump, Donald J"],"geo_facet":[],"media":[{"type":"image","subtype":"photo","caption":"President Trump and Vice President Mike Pence at a news conference Wednesday about the coronavirus.","copyright":"Carlos Barria/Reuters","approved_for_syndication":1,"media-metadata":[{"url":"https://static01.nyt.com/images/2020/03/01/opinion/sunday/01Dowd/01Dowd-thumbStandard.jpg","format":"Standard Thumbnail","height":75,"width":75},{"url":"https://static01.nyt.com/images/2020/03/01/opinion/sunday/01Dowd/01Dowd-mediumThreeByTwo210.jpg","format":"mediumThreeByTwo210","height":140,"width":210},{"url":"https://static01.nyt.com/images/2020/03/01/opinion/sunday/01Dowd/01Dowd-mediumThreeByTwo440.jpg","format":"mediumThreeByTwo440","height":293,"width":440}]}],"eta_id":0},{"uri":"nyt://article/504a0997-4ab1-5c99-874f-8c1adc9d8a09","url":"https://www.nytimes.com/2020/03/01/nyregion/new-york-coronvirus-confirmed.html","id":100000006961715,"asset_id":100000006961715,"source":"New York Times","published_date":"2020-03-01","updated":"2020-03-02 12:14:52","section":"New York","subsection":"","nytdsection":"new york","adx_keywords":"Coronavirus (2019-nCoV);Centers for Disease Control and Prevention;United States;New York State;Manhattan (NYC)","column":null,"byline":"By Joseph Goldstein and Jesse McKinley","type":"Article","title":"Coronavirus in N.Y.: Manhattan Woman Is First Confirmed Case in State","abstract":"A woman in her 30s who had traveled in Iran contracted the virus and is now isolated at home.","des_facet":["Coronavirus (2019-nCoV)"],"org_facet":["Centers for Disease Control and Prevention"],"per_facet":[],"geo_facet":["United States","New York State","Manhattan (NYC)"],"media":[{"type":"image","subtype":"photo","caption":"In New York City, some 1,200 hospital beds could be made available to coronavirus patients without interfering with anyone else’s medical care, Mayor Bill de Blasio has said.","copyright":"Bryan R. Smith for The New York Times","approved_for_syndication":1,"media-metadata":[{"url":"https://static01.nyt.com/images/2020/03/01/nyregion/01nyvirus/merlin_169794105_27491074-3827-4adb-b815-b8076493df46-thumbStandard.jpg","format":"Standard Thumbnail","height":75,"width":75},{"url":"https://static01.nyt.com/images/2020/03/01/nyregion/01nyvirus/merlin_169794105_27491074-3827-4adb-b815-b8076493df46-mediumThreeByTwo210.jpg","format":"mediumThreeByTwo210","height":140,"width":210},{"url":"https://static01.nyt.com/images/2020/03/01/nyregion/01nyvirus/merlin_169794105_27491074-3827-4adb-b815-b8076493df46-mediumThreeByTwo440.jpg","format":"mediumThreeByTwo440","height":293,"width":440}]}],"eta_id":0},{"uri":"nyt://article/7a41d365-a68b-522c-b46e-2e53424de956","url":"https://www.nytimes.com/2020/03/01/sports/olympics/molly-seidel-olympic-marathon-trials.html","id":100000007008308,"asset_id":100000007008308,"source":"New York Times","published_date":"2020-03-01","updated":"2020-03-02 10:13:45","section":"Sports","subsection":"Olympics","nytdsection":"sports","adx_keywords":"Olympic Games (2020);Marathon Running;Seidel, Molly (1994- )","column":null,"byline":"By Talya Minsberg","type":"Article","title":"This Was Molly Seidel’s First Marathon. Her Next Will Be at the Olympics.","abstract":"Seidel, 25, has two jobs, shares an apartment with her sister and runs turkey trots in costume. No, she can’t believe this is happening, either.","des_facet":["Olympic Games (2020)","Marathon Running"],"org_facet":[],"per_facet":["Seidel, Molly (1994- )"],"geo_facet":[],"media":[{"type":"image","subtype":"photo","caption":"What does it feel like to qualify for the 2020 Olympics in your debut marathon? Ask Molly Seidel.","copyright":"Kevin C. Cox/Getty Images","approved_for_syndication":1,"media-metadata":[{"url":"https://static01.nyt.com/images/2020/03/02/sports/01SEIDEL1-print/01SEIDEL-1-thumbStandard-v2.jpg","format":"Standard Thumbnail","height":75,"width":75},{"url":"https://static01.nyt.com/images/2020/03/02/sports/01SEIDEL1-print/01SEIDEL-1-mediumThreeByTwo210-v2.jpg","format":"mediumThreeByTwo210","height":140,"width":210},{"url":"https://static01.nyt.com/images/2020/03/02/sports/01SEIDEL1-print/01SEIDEL-1-mediumThreeByTwo440-v2.jpg","format":"mediumThreeByTwo440","height":293,"width":440}]}],"eta_id":0},{"uri":"nyt://article/8aa6d5b3-3f6c-56f3-8f79-941f28aa29e3","url":"https://www.nytimes.com/2020/02/29/opinion/sunday/corona-virus-usa.html","id":100000007002829,"asset_id":100000007002829,"source":"New York Times","published_date":"2020-02-29","updated":"2020-03-01 23:33:07","section":"Opinion","subsection":"Sunday Review","nytdsection":"opinion","adx_keywords":"Coronavirus (2019-nCoV);Epidemics;United States Politics and Government;Trump, Donald J","column":null,"byline":"By The Editorial Board","type":"Article","title":"Here Comes the Coronavirus Pandemic","abstract":"Now, after many fire drills, the world may be facing a real fire.","des_facet":["Coronavirus (2019-nCoV)","Epidemics","United States Politics and Government"],"org_facet":[],"per_facet":["Trump, Donald J"],"geo_facet":[],"media":[{"type":"image","subtype":"photo","caption":"","copyright":"Nicholas Konrad","approved_for_syndication":0,"media-metadata":[{"url":"https://static01.nyt.com/images/2020/03/02/opinion/01corona_editorial_web/01corona_editorial_web-thumbStandard-v2.jpg","format":"Standard Thumbnail","height":75,"width":75},{"url":"https://static01.nyt.com/images/2020/03/02/opinion/01corona_editorial_web/01corona_editorial_web-mediumThreeByTwo210-v2.jpg","format":"mediumThreeByTwo210","height":140,"width":210},{"url":"https://static01.nyt.com/images/2020/03/02/opinion/01corona_editorial_web/01corona_editorial_web-mediumThreeByTwo440-v2.jpg","format":"mediumThreeByTwo440","height":293,"width":440}]}],"eta_id":0},{"uri":"nyt://article/58797caa-c3ae-5932-9400-68d3d4af81b7","url":"https://www.nytimes.com/2020/02/29/us/politics/bernie-sanders-chapo-trap-house.html","id":100000006987438,"asset_id":100000006987438,"source":"New York Times","published_date":"2020-02-29","updated":"2020-03-01 14:59:14","section":"U.S.","subsection":"Politics","nytdsection":"u.s.","adx_keywords":"Presidential Election of 2020;Podcasts;Sanders, Bernard;Menaker, Will;A'Lee Frost, Amber;Biederman, Felix;Christman, Matt;Texas, Virgil;Democratic Party","column":null,"byline":"By Nellie Bowles","type":"Article","title":"The Pied Pipers of the Dirtbag Left Want to Lead Everyone to Bernie Sanders","abstract":"Many listeners would never repeat what these podcast hosts say. So why do they desperately want to hear from them?","des_facet":["Presidential Election of 2020","Podcasts"],"org_facet":["Democratic Party"],"per_facet":["Sanders, Bernard","Menaker, Will","A'Lee Frost, Amber","Biederman, Felix","Christman, Matt","Texas, Virgil"],"geo_facet":[],"media":[{"type":"image","subtype":"photo","caption":"Will Menaker, a co-host of Chapo Trap House, at a live podcast recording in Des Moines in August.","copyright":"Tom Brenner for The New York Times","approved_for_syndication":1,"media-metadata":[{"url":"https://static01.nyt.com/images/2020/02/29/us/politics/00dirtbagleft1/00dirtbagleft1-thumbStandard.jpg","format":"Standard Thumbnail","height":75,"width":75},{"url":"https://static01.nyt.com/images/2020/02/29/us/politics/00dirtbagleft1/merlin_159311034_5df7d824-e074-4ace-b944-0a851fa38b4f-mediumThreeByTwo210.jpg","format":"mediumThreeByTwo210","height":140,"width":210},{"url":"https://static01.nyt.com/images/2020/02/29/us/politics/00dirtbagleft1/merlin_159311034_5df7d824-e074-4ace-b944-0a851fa38b4f-mediumThreeByTwo440.jpg","format":"mediumThreeByTwo440","height":293,"width":440}]}],"eta_id":0},{"uri":"nyt://article/4f646fe1-d2f4-5ec7-83dd-d7101369b8c0","url":"https://www.nytimes.com/2020/02/29/world/coronavirus-news.html","id":100000007006471,"asset_id":100000007006471,"source":"New York Times","published_date":"2020-02-29","updated":"2020-03-02 08:16:12","section":"World","subsection":"","nytdsection":"world","adx_keywords":"Coronavirus (2019-nCoV);Epidemics;Stocks and Bonds;Centers for Disease Control and Prevention;California","column":null,"byline":"","type":"Article","title":"Trump Calls for Calm on Virus and Expands Travel Restrictions","abstract":"The announcement included elevated warnings against travel to specific regions in Italy and South Korea, and came after the U.S. recorded its first coronavirus death: a person near Seattle.","des_facet":["Coronavirus (2019-nCoV)","Epidemics","Stocks and Bonds"],"org_facet":["Centers for Disease Control and Prevention"],"per_facet":[],"geo_facet":["California"],"media":[{"type":"image","subtype":"photo","caption":"President Trump said on Saturday that there was “no reason to panic” about the coronavirus.","copyright":"Doug Mills/The New York Times","approved_for_syndication":1,"media-metadata":[{"url":"https://static01.nyt.com/images/2020/02/29/world/29virus-briefing8/29virus-briefing8-thumbStandard.jpg","format":"Standard Thumbnail","height":75,"width":75},{"url":"https://static01.nyt.com/images/2020/02/29/world/29virus-briefing8/merlin_169792431_7dd8ddcb-2f35-47a9-b57e-024ed42a8edb-mediumThreeByTwo210.jpg","format":"mediumThreeByTwo210","height":140,"width":210},{"url":"https://static01.nyt.com/images/2020/02/29/world/29virus-briefing8/merlin_169792431_7dd8ddcb-2f35-47a9-b57e-024ed42a8edb-mediumThreeByTwo440.jpg","format":"mediumThreeByTwo440","height":293,"width":440}]}],"eta_id":0},{"uri":"nyt://article/de98b379-4cfc-5fd8-a925-0b3fd999afd5","url":"https://www.nytimes.com/2020/02/29/upshot/coronavirus-surprise-medical-bills.html","id":100000007007815,"asset_id":100000007007815,"source":"New York Times","published_date":"2020-02-29","updated":"2020-03-02 07:29:30","section":"The Upshot","subsection":"","nytdsection":"the upshot","adx_keywords":"Coronavirus (2019-nCoV);Quarantines;Health Insurance and Managed Care;Prices (Fares, Fees and Rates)","column":null,"byline":"By Sarah Kliff","type":"Article","title":"Kept at the Hospital on Coronavirus Fears, Now Facing Large Medical Bills","abstract":"Care was mandated by the government, but it’s not clear who has to pay.","des_facet":["Coronavirus (2019-nCoV)","Quarantines","Health Insurance and Managed Care","Prices (Fares, Fees and Rates)"],"org_facet":[],"per_facet":[],"geo_facet":[],"media":[{"type":"image","subtype":"photo","caption":"Frank Wucinski and his daughter Annabel in Marine Corps Station Miramar, where they were quarantined after arriving from Wuhan, China.","copyright":"Courtesy Frank Wucinski","approved_for_syndication":1,"media-metadata":[{"url":"https://static01.nyt.com/images/2020/02/29/upshot/29up-virus-bills/29up-virus-bills-thumbStandard.jpg","format":"Standard Thumbnail","height":75,"width":75},{"url":"https://static01.nyt.com/images/2020/02/29/upshot/29up-virus-bills/29up-virus-bills-mediumThreeByTwo210.jpg","format":"mediumThreeByTwo210","height":140,"width":210},{"url":"https://static01.nyt.com/images/2020/02/29/upshot/29up-virus-bills/29up-virus-bills-mediumThreeByTwo440.jpg","format":"mediumThreeByTwo440","height":293,"width":440}]}],"eta_id":0},{"uri":"nyt://article/0a59338e-7a1d-5836-a860-df1e170c7743","url":"https://www.nytimes.com/article/prepare-for-coronavirus.html","id":100000007005805,"asset_id":100000007005805,"source":"New York Times","published_date":"2020-03-01","updated":"2020-03-02 12:40:04","section":"Health","subsection":"","nytdsection":"health","adx_keywords":"Coronavirus (2019-nCoV);Travel Warnings;Travel and Vacations;Hygiene and Cleanliness;Masks;Epidemics;Vaccination and Immunization;Centers for Disease Control and Prevention","column":null,"byline":"By The New York Times","type":"Article","title":"How to Prepare for the Coronavirus","abstract":"Coronavirus cases continued to be confirmed in the United States. By following some basic steps, you can help reduce your risk, and do your part to protect others, if your community is affected.","des_facet":["Coronavirus (2019-nCoV)","Travel Warnings","Travel and Vacations","Hygiene and Cleanliness","Masks","Epidemics","Vaccination and Immunization"],"org_facet":["Centers for Disease Control and Prevention"],"per_facet":[],"geo_facet":[],"media":[{"type":"image","subtype":"photo","caption":"Health care workers screening the temperatures of passengers arriving at Krakow International Airport in Poland on Wednesday.","copyright":"Omar Marques/Getty Images","approved_for_syndication":1,"media-metadata":[{"url":"https://static01.nyt.com/images/2020/02/26/multimedia/26xp-coronavirus/26xp-coronavirus-thumbStandard-v3.jpg","format":"Standard Thumbnail","height":75,"width":75},{"url":"https://static01.nyt.com/images/2020/02/26/multimedia/26xp-coronavirus/26xp-coronavirus-mediumThreeByTwo210-v3.jpg","format":"mediumThreeByTwo210","height":140,"width":210},{"url":"https://static01.nyt.com/images/2020/02/26/multimedia/26xp-coronavirus/26xp-coronavirus-mediumThreeByTwo440-v3.jpg","format":"mediumThreeByTwo440","height":293,"width":440}]}],"eta_id":0},{"uri":"nyt://article/499dd9a6-26af-5223-bb51-81c2a2b1b433","url":"https://www.nytimes.com/2020/02/25/opinion/democratic-primary-candidates.html","id":100000006997105,"asset_id":100000006997105,"source":"New York Times","published_date":"2020-02-25","updated":"2020-03-01 23:33:11","section":"Opinion","subsection":"","nytdsection":"opinion","adx_keywords":"Presidential Election of 2020;United States Politics and Government;Bloomberg, Michael R;Sanders, Bernard;Trump, Donald J;Democratic Party","column":null,"byline":"By Thomas L. Friedman","type":"Article","title":"Dems, You Can Defeat Trump in a Landslide","abstract":"You can promise voters something our narrow-minded president won’t.","des_facet":["Presidential Election of 2020","United States Politics and Government"],"org_facet":["Democratic Party"],"per_facet":["Bloomberg, Michael R","Sanders, Bernard","Trump, Donald J"],"geo_facet":[],"media":[{"type":"image","subtype":"photo","caption":"  ","copyright":"Travis Dove for The New York Times","approved_for_syndication":1,"media-metadata":[{"url":"https://static01.nyt.com/images/2020/02/26/opinion/26friedmansub2/26friedmansub2-thumbStandard.jpg","format":"Standard Thumbnail","height":75,"width":75},{"url":"https://static01.nyt.com/images/2020/02/26/opinion/26friedmansub2/merlin_169533672_d7d2c219-bd84-4cc4-ad9c-82a672b5f9dd-mediumThreeByTwo210.jpg","format":"mediumThreeByTwo210","height":140,"width":210},{"url":"https://static01.nyt.com/images/2020/02/26/opinion/26friedmansub2/merlin_169533672_d7d2c219-bd84-4cc4-ad9c-82a672b5f9dd-mediumThreeByTwo440.jpg","format":"mediumThreeByTwo440","height":293,"width":440}]}],"eta_id":0},{"uri":"nyt://article/bdd57ace-4601-513f-b70f-a29efdf3462d","url":"https://www.nytimes.com/2019/03/04/obituaries/nathaniel-taylor-dead.html","id":100000006392781,"asset_id":100000006392781,"source":"New York Times","published_date":"2019-03-04","updated":"2019-03-11 09:51:42","section":"Obituaries","subsection":"","nytdsection":"obituaries","adx_keywords":"Actors and Actresses;Television;Deaths (Obituaries);Taylor, Nathaniel (1938-2019)","column":null,"byline":"By The Associated Press","type":"Article","title":"Nathaniel Taylor, ‘Sanford and Son’ Actor, Is Dead at 80","abstract":"His fast-talking but good-natured character, Rollo, was viewed with skepticism by the show’s central character, played by Redd Foxx.","des_facet":["Actors and Actresses","Television","Deaths (Obituaries)"],"org_facet":[],"per_facet":["Taylor, Nathaniel (1938-2019)"],"geo_facet":[],"media":[{"type":"image","subtype":"photo","caption":"Nathaniel Taylor as Rollo in an episode of “Sanford and Son.” “It was an honor for people to remember him” as his fast-talking but good-hearted character, his son said.","copyright":"NBC, via Getty Images","approved_for_syndication":1,"media-metadata":[{"url":"https://static01.nyt.com/images/2019/03/08/obituaries/08taylor/merlin_151602549_f62385f2-561d-4ea5-9816-9d5c9197c714-thumbStandard.jpg","format":"Standard Thumbnail","height":75,"width":75},{"url":"https://static01.nyt.com/images/2019/03/08/obituaries/08taylor/05taylor-mediumThreeByTwo210.jpg","format":"mediumThreeByTwo210","height":140,"width":210},{"url":"https://static01.nyt.com/images/2019/03/08/obituaries/08taylor/05taylor-mediumThreeByTwo440.jpg","format":"mediumThreeByTwo440","height":293,"width":440}]}],"eta_id":0},{"uri":"nyt://article/ed85ca67-0dbf-5f4e-9533-be74aea2c6aa","url":"https://www.nytimes.com/2020/03/01/business/media/ben-smith-journalism-news-publishers-local.html","id":100000007006908,"asset_id":100000007006908,"source":"New York Times","published_date":"2020-03-01","updated":"2020-03-02 11:37:28","section":"Business","subsection":"Media","nytdsection":"business","adx_keywords":"News and News Media;Newspapers;Carr, David;Sulzberger, A G;New York Times","column":null,"byline":"By Ben Smith","type":"Article","title":"Why the Success of The New York Times May Be Bad News for Journalism","abstract":"In his debut, our new media columnist says The Times has become like Facebook or Google — a digital behemoth crowding out the competition.","des_facet":["News and News Media","Newspapers"],"org_facet":["New York Times"],"per_facet":["Carr, David","Sulzberger, A G"],"geo_facet":[],"media":[{"type":"image","subtype":"photo","caption":"","copyright":"Illustration by The New York Times","approved_for_syndication":1,"media-metadata":[{"url":"https://static01.nyt.com/images/2020/03/01/reader-center/01smith-promo/01smith-promo-thumbStandard-v3.jpg","format":"Standard Thumbnail","height":75,"width":75},{"url":"https://static01.nyt.com/images/2020/03/01/reader-center/01smith-promo/01smith-promo-mediumThreeByTwo210-v4.jpg","format":"mediumThreeByTwo210","height":140,"width":210},{"url":"https://static01.nyt.com/images/2020/03/01/reader-center/01smith-promo/01smith-promo-mediumThreeByTwo440-v4.jpg","format":"mediumThreeByTwo440","height":293,"width":440}]}],"eta_id":0},{"uri":"nyt://article/7249cd2e-11a9-5637-adfd-abaec6dddd84","url":"https://www.nytimes.com/2020/02/29/us/east-boston-hate-crime-attack.html","id":100000007008108,"asset_id":100000007008108,"source":"New York Times","published_date":"2020-02-29","updated":"2020-03-01 10:55:23","section":"U.S.","subsection":"","nytdsection":"u.s.","adx_keywords":"Assaults;Hate Crimes;Hispanic-Americans;Discrimination;Race and Ethnicity;Immigration and Emigration;Armstrong, Stephanie M;Ennamorati, Jenny Leigh;Boston (Mass)","column":null,"byline":"By Michael Levenson","type":"Article","title":"Mother and Daughter Attacked for Speaking Spanish, Prosecutor Says","abstract":"Officials filed felony hate-crime charges against two women accused of assault in a Boston neighborhood, where more than half of the residents are Latino.","des_facet":["Assaults","Hate Crimes","Hispanic-Americans","Discrimination","Race and Ethnicity","Immigration and Emigration"],"org_facet":[],"per_facet":["Armstrong, Stephanie M","Ennamorati, Jenny Leigh"],"geo_facet":["Boston (Mass)"],"media":[{"type":"image","subtype":"photo","caption":"A frame from surveillance video captures a woman, left, confronting a mother and daughter in Boston on Feb. 15.","copyright":"via Lawyers for Civil Rights","approved_for_syndication":0,"media-metadata":[{"url":"https://static01.nyt.com/images/2020/02/29/us/29xp-attack/29xp-attack-thumbStandard.jpg","format":"Standard Thumbnail","height":75,"width":75},{"url":"https://static01.nyt.com/images/2020/02/29/us/29xp-attack/29xp-attack-mediumThreeByTwo210.jpg","format":"mediumThreeByTwo210","height":140,"width":210},{"url":"https://static01.nyt.com/images/2020/02/29/us/29xp-attack/29xp-attack-mediumThreeByTwo440.jpg","format":"mediumThreeByTwo440","height":293,"width":440}]}],"eta_id":0},{"uri":"nyt://article/20dd3b00-ebc6-5eca-a38a-9c9ed2efbc12","url":"https://www.nytimes.com/2020/03/01/business/china-coronavirus-surveillance.html","id":100000006995590,"asset_id":100000006995590,"source":"New York Times","published_date":"2020-03-01","updated":"2020-03-02 12:24:33","section":"Business","subsection":"","nytdsection":"business","adx_keywords":"Coronavirus (2019-nCoV);Surveillance of Citizens by Government;Epidemics;Privacy;Computers and the Internet;Computer Security;Alibaba Group Holding Ltd;Ant Financial Services Group;Alipay;WeChat (Mobile App);China;Hangzhou (China);Hubei Province (China)","column":null,"byline":"By Paul Mozur, Raymond Zhong and Aaron Krolik","type":"Article","title":"In Coronavirus Fight, China Gives Citizens a Color Code, With Red Flags","abstract":"A new system uses software to dictate quarantines — and appears to send personal data to police, in a troubling precedent for automated social control.","des_facet":["Coronavirus (2019-nCoV)","Surveillance of Citizens by Government","Epidemics","Privacy","Computers and the Internet","Computer Security"],"org_facet":["Alibaba Group Holding Ltd","Ant Financial Services Group","Alipay","WeChat (Mobile App)"],"per_facet":[],"geo_facet":["China","Hangzhou (China)","Hubei Province (China)"],"media":[{"type":"image","subtype":"photo","caption":"The QR code inside the Alipay app. Green is good, and allows the holder to travel freely.","copyright":"Raymond Zhong/The New York Times","approved_for_syndication":1,"media-metadata":[{"url":"https://static01.nyt.com/images/2020/02/29/business/29china-surveillance-1/29china-surveillance-1-thumbStandard.jpg","format":"Standard Thumbnail","height":75,"width":75},{"url":"https://static01.nyt.com/images/2020/02/29/business/29china-surveillance-1/29china-surveillance-1-mediumThreeByTwo210.jpg","format":"mediumThreeByTwo210","height":140,"width":210},{"url":"https://static01.nyt.com/images/2020/02/29/business/29china-surveillance-1/29china-surveillance-1-mediumThreeByTwo440.jpg","format":"mediumThreeByTwo440","height":293,"width":440}]}],"eta_id":0}]}
